id,area,lat,lon
Zemblak,AL,40.6989743,20.8760169
Elbasan 2,AL,41.0605249,20.1507119
Tirana 2,AL,41.3324295,19.7206684
Vlore,AL,40.4692643,19.4941711
Fier,AL,40.7320499,19.5668017
Dures,AL,41.3195399,19.4579219
Elbasan 1,AL,41.1268572,20.0093905
Tirana 1,AL,41.345839,19.8939867
Burrel,AL,41.606281,20.0172808
Vaui Dejes,AL,42.0112882,19.6387873
Koman,AL,42.0980563,19.8157339
Fierze,AL,42.263945,20.0200712
A-35,AT,48.22822616,14.21654357
A-8,AT,47.75298171,14.82854435
A-32,AT,46.35226057,14.39803766
A_Burs,AT,46.96671998,9.967854201
A-21,AT,47.12418513,11.68931759
A-19,AT,47.21024964,11.97360078
A-22,AT,46.52572431,15.92844727
A-29,AT,46.84026698,10.85259077
A-6,AT,47.95047042,14.35971604
A-15,AT,46.91113847,16.60353075
A-33,AT,46.80480669,10.25165887
A-36,AT,47.43274658,17.10778117
A-2,AT,47.90546712,16.51628642
A-12,AT,47.64528481,13.39106004
A-16,AT,46.99419453,15.24568539
A-34,AT,46.23911572,14.6315507
A-30,AT,46.58239753,12.96849374
A-18,AT,47.07667167,13.03858728
A-31,AT,46.29004849,14.94497016
A_Westti,AT,47.06536444,10.85827849
A-11,AT,47.31226146,16.4815452
A-7,AT,47.75064911,15.37171142
A-20,AT,47.09618625,12.15654783
A-1,AT,47.86943724,16.95022209
A-17,AT,46.84865243,15.02736269
A-14,AT,47.24269333,14.59615973
A-27,AT,46.4088765,15.14783898
A-4,AT,47.68619672,16.89309113
A-5,AT,47.85476183,15.03433795
A-13,AT,47.47274771,14.48830563
A-24,AT,46.93285618,11.99928058
A-25,AT,47.09228664,9.751295926
A-26,AT,46.61312056,13.8312322
A-3,AT,47.89511039,16.10424194
A_st.Pet,AT,47.9376522,13.36607578
A-10,AT,47.73200449,14.26503061
Trebinje,BA,42.7112216,18.3552224
Gacko,BA,43.1743395,18.5304109
Mostar,BA,43.3430946,17.8004013
Sarajevo 10,BA,43.8990588,18.3988002
Tuzla,BA,44.5381468,18.6740252
Ugljevik,BA,44.7010857,18.9919624
Banja Luka,BA,44.771247,17.1963357
Capljina HPP,BA,42.8663957,17.9813989
Capljina,BA,43.1123788,17.7060149
Salakovac,BA,43.4443242,17.8054988
Grabovica,BA,43.5932116,17.6170476
Jablanica,BA,43.6642333,17.7583674
Rama,BA,43.764576,17.6266586
Kakanj,BA,44.1288166,18.1183833
Jenica,BA,44.2070982,17.9086589
Tuzla 220,BA,44.5779828,18.6299041
Gradacac,BA,44.8782008,18.4265462
Jajce,BA,44.3430204,17.2721973
Prijedor,BA,44.9759809,16.7047455
Sarajevo 20,BA,43.8246993,18.5270813
Visegrad,BA,43.7917268,19.2936632
Bihac,BA,44.8212357,15.8675852
B_Aubang,BE,49.5681329,5.8055663
B_Moncea,BE,50.4158759,4.3770382
B-2,BE,51.1686024,4.1486877
B_Zandvl,BE,51.3593529,4.3062748
B_meerho,BE,51.133471,5.0774555
B_Achene,BE,50.2654079,5.0456314
B-10,BE,50.866071,4.2306997
B-13,BE,50.7875838,4.3162535
B_15x,BE,50.5219467,5.2690433
B-6,BE,51.147688,3.7918902
B-3,BE,51.1926224,3.5643101
B-7,BE,50.8748326,5.3995561
B-8,BE,50.9471201,4.4119917
B-18,BE,50.3933745,5.8696903
B-20,BE,49.9773797,5.654924
B-9,BE,50.9200705,3.2128206
B-12Avel,BE,50.7771979,3.4431346
B-17,BE,50.4913651,4.3348555
B-15,BE,50.5363545,5.4619096
B-5,BE,51.1983361,4.6368611
B-4,BE,51.1283637,4.4950791
B-11,BE,50.7506792,5.6863535
B_new1,BE,51.1027728,5.7560067
B-16,BE,50.4800346,4.6714435
Peshtera,BG,42.0174225,24.2621305
Sestrimo,BG,42.2486154,23.9395012
Zlatisa,BG,42.7159998,24.1391618
Obraztsow Chiflik,BG,43.7908687,26.0339427
Chaira,BG,42.1600818,23.8714686
Pleven,BG,43.4240916,24.6177767
Balkan,BG,42.8103361,25.287563
Sofia,BG,42.7202466,23.3235131
Bobovdol,BG,42.3678725,23.0063876
Teshel,BG,41.6638412,24.3407092
Stomana,BG,42.5982431,23.1031057
Aleko,BG,42.1914466,24.3321101
Tvyrditsa,BG,42.6948693,25.898279
Stolnik,BG,42.7129615,23.6267745
Kozloduy,BG,43.7738765,23.7238738
Metalurgichna,BG,42.7909841,23.3423808
Sofia-Zapad,BG,42.7510461,23.211817
Karnobat,BG,42.6624609,26.982066
Madara,BG,43.2729248,27.0955285
Orfey,BG,41.9402683,24.4474883
Ch. Mogila,BG,42.5130868,22.995846
Vetren,BG,42.2786486,24.0478553
Ghorna Oryakhovitsa,BG,43.1222534,25.6891238
Burgas,BG,42.5101713,27.4680923
Varna1335,BG,43.1361142,27.8401304
Maritsa,BG,42.1392572,25.9374847
Tsarevets,BG,43.3361443,25.5379838
Dobrudzha,BG,43.2470061,27.7839773
Belmeken,BG,42.1679766,23.8007793
Kremikovtsi,BG,42.7810783,23.4969506
Uzundjovo,BG,41.9621438,25.6540309
Stara Zagora,BG,42.4344438,25.6312952
Kazichane,BG,42.6578039,23.4653014
Maritsa 2,BG,42.2584501,26.1341623
Cnudomir,BG,42.6217672,25.3953964
Mizia,BG,43.3070086,24.0725064
Devin,BG,41.7203533,24.4247645
Sofia-Jug,BG,42.6145131,23.355676
Blagoevgrad,BG,42.0280232,23.0886829
Boychinovtsi,BG,43.4779719,23.3387038
Plovdiv,BG,42.1434912,24.7476612
Varna1299,BG,43.3039446,27.6809894
Maritsa 3,BG,42.1434524,26.0030533
CH-2,CH,47.31899565,8.252651439
CH_aspha,CH,47.31056647,7.784974759
CH-35,CH,46.26122984,8.975812619
CH-11,CH,47.04268672,9.211187024
CH-16,CH,46.98515287,8.430349989
CH-30,CH,46.45272318,7.134142234
CH-24,CH,46.46978626,10.29850872
CH-14,CH,47.03726101,8.128849634
CH-21,CH,46.66719919,9.440832494
CH_ridde,CH,46.09675581,7.244365588
CH-20,CH,46.72130482,9.059046074
CH-23,CH,46.60173354,9.055753646
CH-40,CH,46.22257635,7.654835939
CH-1,CH,47.34545227,9.238896316
CH-31,CH,46.34609345,8.67020029
CH-28,CH,46.55217959,7.614597805
CH-41,CH,46.08672088,9.171090311
CH-29,CH,46.34885357,9.056521612
CH-32,CH,46.21165156,10.21674288
CH-34,CH,46.40753889,7.388023668
CH-22,CH,46.6222518,8.809530601
CH-42,CH,46.2203307,7.060745935
CH-43,CH,46.14001909,7.955792242
CH-26,CH,46.5517542,8.273008987
CH-44,CH,46.00821849,9.087878457
CH_verbo,CH,46.12524712,6.091655291
CH-38,CH,46.28865509,8.186423204
CH-39,CH,46.17304959,8.708179027
CH-19,CH,46.86038883,7.285161559
CH-15,CH,46.98575208,8.82798781
CH-47,CH,46.10540934,6.905446705
CH-7,CH,47.23349865,7.91986985
CH-25,CH,46.49111408,9.760919403
CH-9,CH,47.23168167,7.61119878
CH-27,CH,46.48285299,8.828110101
CH-4,CH,47.25207684,8.755920432
CH_laufe,CH,47.31380347,8.059381529
CH_Basse,CH,47.19521092,7.22293663
CH-12,CH,47.12340722,7.8898013
CH-33,CH,46.47702176,6.349512082
CH-8,CH,47.10000551,9.594622412
CH-6,CH,47.20456096,8.533219137
CH-36,CH,46.38120061,6.983858045
CH-17,CH,46.94046428,7.730840184
CH-13,CH,47.11268026,7.653945044
CH-37,CH,46.20963079,9.33042158
CH_Prade,CH,46.63894102,10.61369068
CZ-33,CZ,48.80386631,14.72185231
CZ-1,CZ,50.09747705,15.82232974
CZ-27,CZ,49.13068524,14.67018495
CZ-31,CZ,48.53361161,17.33750323
CZ-29,CZ,49.21314077,13.68777434
CZ-20,CZ,49.76251792,13.17380071
CZ-22,CZ,48.89690939,18.16539525
CZ-11,CZ,49.97600501,13.35428601
CZ-12,CZ,49.06846787,18.91349575
CZ-5,CZ,50.11499358,14.27585197
CZ-7,CZ,49.18122266,19.05982557
CZ-15,CZ,49.88474764,13.67780077
CZ-10,CZ,49.63429962,15.87164457
CZ-30,CZ,48.9788057,15.16050653
CZ-6,CZ,49.36536283,18.1386591
CZ-4,CZ,49.82348837,16.30754614
CZ-2,CZ,50.1212084,14.94303945
CZ-24,CZ,48.93023842,16.92727064
CZ-26,CZ,48.69340366,18.06451478
CZ-18,CZ,49.65543786,14.94490165
CZ-28,CZ,49.1434902,14.43920107
CZ-9,CZ,49.9008566,14.33483344
CZ-13,CZ,49.36269169,17.29460411
CZ-19,CZ,49.56438475,14.82324081
CZ-16,CZ,49.51717624,16.17657735
CZ-21,CZ,49.56283859,14.54299291
CZ-23,CZ,49.0493362,16.22749197
CZ-25,CZ,49.39173327,13.77746651
CZ-32,CZ,48.54078546,16.56655156
CZ-34,CZ,48.57260539,14.79938664
CZ-8,CZ,50.01305039,13.97105816
CZ-17,CZ,49.62263612,15.33903579
CZ-3,CZ,49.59557362,17.66253739
CZ-14,CZ,48.99540278,19.18169995
D-92,DE,50.84004924,12.73850826
D-96,DE,51.08212077,9.990604775
D-93,DE,51.33266299,6.153483604
D-94,DE,50.64692019,14.09939582
D-202,DE,48.28588963,10.65361954
D-91,DE,51.27540094,8.078829966
D-90,DE,51.19527926,9.520454736
D-95,DE,51.28906689,6.993109082
D-79,DE,51.1831569,11.74211477
D-134,DE,50.18924221,11.1861478
D-5,DE,53.68564847,12.36539354
D-9,DE,53.27750136,12.53556221
D-4,DE,53.89806482,10.26703093
D-11,DE,53.380697,10.72001793
D-14,DE,53.3678374,10.06799583
D-3,DE,53.54889872,13.86538383
D-17,DE,53.12388126,10.41063858
D-16,DE,53.20500735,9.784038581
D_Eichst,DE,47.87971999,7.780548166
E-220,DE,47.8515116,8.503348748
D-22,DE,53.16584447,7.864026045
D-2,DE,53.7519509,13.48241083
D_leupol,DE,47.51453021,10.58618211
D-229,DE,49.83747035,6.137058107
D-214,DE,47.80907407,11.46287912
D-213,DE,47.94581949,10.27845445
E-211,DE,48.14270182,9.783346119
D-210,DE,48.04802883,11.03325299
D-26,DE,52.92385445,8.379025088
D-31,DE,52.70036578,8.579099212
D-208,DE,48.26625271,8.880543656
D-36,DE,52.57449291,8.923835068
D-38,DE,52.12581515,13.48453423
D-201,DE,48.37893533,9.715057295
D-70,DE,51.315294,12.51969694
D-39,DE,52.14073283,13.32764498
D-25,DE,52.60267989,12.25352563
D-200,DE,48.52153456,8.249182902
D-207,DE,48.06542766,11.55207262
D-219,DE,47.71149147,10.40922223
D-44,DE,52.49369808,7.10034974
D-43,DE,52.40538195,9.025641651
D-46,DE,51.60205535,15.15100969
D-48,DE,52.2973988,7.153827251
D-47,DE,51.76613329,13.56235186
D-186,DE,48.87327105,9.194511972
D-192,DE,48.74771823,8.23487794
D-52,DE,51.78440878,12.04212491
D-54,DE,51.986754,8.956090551
D-188,DE,48.34102633,13.42175503
D-56,DE,52.06909766,7.193630939
D-50,DE,52.18243384,8.385561109
D-55,DE,51.84162604,10.65110969
D-41,DE,52.00573936,14.15584881
D-60,DE,51.87344438,9.783554075
D-59,DE,51.9254344,9.199493889
D-62,DE,51.2872075,14.89200732
D-64,DE,51.78673001,10.09889943
D-58,DE,51.74286099,11.35486553
D-63,DE,51.94961568,8.301833928
D-68,DE,51.03962837,14.93042612
D-10,DE,53.51783931,9.594617725
D-179,DE,48.96621174,9.715401801
D-8,DE,53.34439826,13.55182294
D-6,DE,53.85497987,9.794362972
D_Diele,DE,52.65254691,7.216112108
D-66,DE,51.78267716,9.009519574
D-57,DE,51.40528995,14.37693943
D-197,DE,48.24079497,12.09562197
D-77,DE,50.86305605,14.97403483
D-76,DE,51.59035956,7.647637532
D-81,DE,51.38299831,8.97967497
D-75,DE,51.42146124,10.03900134
D-80,DE,50.71522603,15.38490517
D-84,DE,51.28495619,8.823126148
D-74,DE,51.54719746,9.528618231
D-83,DE,50.70256067,14.66150682
D-87,DE,51.06858421,11.27179841
D-164,DE,49.49255336,7.756494107
D-89,DE,50.87068831,13.06105222
D-88,DE,51.33969713,7.825317513
D-86,DE,51.32423382,8.188090598
E_obermo,DE,47.43411111,9.813953404
D-85,DE,50.98551934,12.14458015
D-73,DE,51.65327767,8.219750466
D-102,DE,51.212648,6.91988262
D-103,DE,50.68337606,13.07140665
D-100,DE,51.25545636,6.498522883
D-106,DE,50.93293783,9.688782471
D-105,DE,51.10829114,7.129449315
D-99,DE,50.76339049,12.64171278
D-109,DE,51.08898757,6.770295566
D-110,DE,51.04050784,7.083679895
D-108,DE,51.0601679,7.362677427
D-112,DE,50.81933351,9.670234296
D-111,DE,50.98260164,7.689326895
D-107,DE,50.97956986,8.980357808
D-98,DE,50.58230711,14.26614064
D-117,DE,50.37895983,12.89884582
D-116,DE,50.7988219,8.442022824
D-115,DE,50.46986053,12.44302638
D-119,DE,50.66491583,9.380756867
D-118,DE,50.58302991,10.59331693
D-120,DE,50.70415661,8.02659451
D-114,DE,50.52350827,12.11255244
D-147,DE,50.07932984,6.502992831
D-125,DE,50.20283249,12.6808995
D-124,DE,50.49916467,9.775833842
D-123,DE,50.69510962,6.946125332
D-97,DE,51.15007548,8.706784605
D-104,DE,51.17077275,7.180276228
D-122,DE,50.16408137,13.34811721
D-101,DE,51.17699782,7.844084808
D_233,DE,47.90738068,12.79668959
D-113,DE,50.42938519,13.14625981
D-72,DE,51.62466438,8.678507471
D-148,DE,49.90423829,8.857792014
D-138,DE,50.31294934,8.792533968
D_Tienge,DE,47.44496781,8.332685735
D-130,DE,50.44108776,8.525260269
D-129,DE,50.19619066,12.03007295
D-133,DE,50.43942345,8.317578617
D_Siersd,DE,50.55704869,6.120812814
D-137,DE,50.43289871,6.875940509
D-136,DE,50.48719594,6.3880057
D_Rommer,DE,50.64131558,6.520670054
D-135,DE,50.11875539,11.41235075
D_engstl,DE,47.51213947,8.235463166
D-131,DE,50.46999526,7.947800607
D-143,DE,50.05562369,8.167983558
D-142,DE,49.85366243,11.45574738
D-144,DE,50.05461466,7.385200429
D-141,DE,50.29489644,7.064430356
D-145,DE,50.02840275,7.742282202
D-149,DE,49.84490483,9.146836075
D-150,DE,49.64291681,11.28749544
D-146,DE,50.03012951,7.528443444
D-140,DE,49.8968921,12.09497923
D-153,DE,49.77533162,8.624651707
D_kuhmoo,DE,47.4259262,7.947231279
D-82,DE,50.83758858,13.87293729
D-154,DE,49.61712864,10.28567186
D-152,DE,49.77057838,9.089605994
D-157,DE,49.67583969,8.624108904
D-78,DE,51.51137381,8.464883253
D-156,DE,49.32975709,12.38415218
D-139,DE,50.19210369,9.833114147
D-155,DE,49.73668866,8.348237734
D-151,DE,49.61330722,11.02933325
D-127,DE,50.6289487,7.50649921
D_Gronau,DE,51.79352922,6.96942537
D-163,DE,49.40272389,9.656952137
D-69,DE,51.57948662,9.913934533
D-162,DE,49.63829737,6.832017899
D-165/16,DE,49.39836658,8.617071994
D-171,DE,49.29530123,9.518659474
D-65,DE,51.88852432,7.916388488
D-170,DE,49.10142959,11.5943514
D-161,DE,49.29278383,11.2898072
D-174,DE,49.11564627,10.99490972
D-61,DE,51.92618232,8.894964396
D-173,DE,49.45649097,6.632016305
D-231,DE,48.18140798,12.959926
D-172,DE,49.00423448,12.36690101
D-160,DE,49.6623934,6.409836033
D-178,DE,49.13408834,7.723359924
D-51,DE,51.91068784,11.05949049
D-177,DE,49.10274133,8.518553978
D-53,DE,51.92558277,10.17898918
D-180,DE,49.13694484,7.273378336
D-42,DE,52.47771133,8.074346465
D-176,DE,49.09019634,9.306534529
D-49,DE,52.13451112,9.29707421
D_oberbr,DE,47.46579847,11.0536519
D-182,DE,49.01142811,8.710178112
D-159,DE,49.55801664,9.327809559
D-45,DE,51.96460459,12.8709216
D-181,DE,48.95518395,9.475534982
D-34,DE,52.15287454,13.6270186
D-175,DE,49.21799099,9.069539771
D-1,DE,54.21414866,9.319825473
D-187,DE,48.54775521,12.1613927
D-35,DE,52.10173566,13.9257685
D-189,DE,48.74681418,9.505544059
D-37,DE,52.58702504,8.576231294
D-121,DE,50.20744222,13.23583244
D-191,DE,48.3334927,12.63271507
D-32,DE,52.70541826,8.278339249
D-33,DE,52.62074585,9.313718822
D-30,DE,52.57425957,10.57778161
D-27,DE,52.98616498,7.031282271
D_Connef,DE,52.88071942,8.085344969
D-29,DE,52.91359631,7.342116469
D-190,DE,48.53716515,11.65754325
D-15,DE,53.10136455,11.73027512
D-23,DE,53.01150154,10.0054835
D-24,DE,53.03555642,8.639145936
D-20,DE,53.07301438,9.676628793
D-21,DE,52.99452665,10.62756605
D-19,DE,52.56375156,14.75095255
D-18,DE,53.12555247,9.527817247
D-185,DE,49.12245211,6.593725043
D-195,DE,48.55259641,9.622811615
D-13,DE,52.93468838,14.46218672
D-12,DE,53.48553768,9.2197262
D-196,DE,48.54845384,9.283477876
D-194,DE,48.5007969,10.30945724
D-7,DE,53.56360876,12.57777384
D-199,DE,48.51491588,8.67689508
D-198,DE,48.33633485,11.08593012
D-193,DE,48.31435901,12.51309044
D_185x,DE,49.10776759,6.932696944
D-206,DE,48.01836209,12.14489074
D-209,DE,47.97414371,11.90016212
D-205,DE,48.14264887,11.13322047
D-212,DE,48.25476798,7.947661776
E-215,DE,48.00441036,8.998614677
E-204,DE,48.22496141,10.3851106
D-71,DE,51.62150774,8.821777765
E-218,DE,47.8025399,9.572264259
E-217,DE,47.87296125,8.742073303
D-158,DE,49.61824737,8.908544166
D-224,DE,47.41398152,10.48901953
D-216,DE,47.66672831,12.2987718
E-223,DE,47.58463994,8.936667503
D-203,DE,48.38129417,9.444673236
D-183,DE,48.65805757,12.36519705
D-126,DE,50.6993245,6.526795303
DK-1,DK,56.4488555,9.4380374
DK-2,DK,57.1339254,10.1608737
DK-4,DK,55.4882388,8.5138236
DK-3,DK,55.5084599,9.0560057
DK-7,DK,55.3639255,10.3879639
DK-6,DK,55.5692283,9.5444961
DK-5,DK,56.1982721,10.1043967
DK-8,DK,55.0472357,9.2347602
DK-Zealand,DK,55.4668111,12.0334895
E-103,ES,41.03967272,-6.745482239
E-39,ES,42.30266708,-6.993246677
E-102,ES,41.59297183,2.148665566
E-101,ES,41.21929102,-5.426013691
E-38,ES,42.70559207,-2.9516379
E-100,ES,41.61070058,1.275204263
E-7,ES,43.04132446,-6.138661589
E-99,ES,41.46544901,-2.602662567
E-37,ES,42.23310191,-7.986111503
E-98,ES,41.64814442,1.943224989
E-65,ES,42.30044218,-2.249061051
E-97,ES,41.65941188,-0.718525586
E-62,ES,42.51646913,0.719498438
E-36,ES,42.67650692,-3.933417729
E-96,ES,41.64259266,-1.52450616
E-6,ES,43.12156494,-5.870382267
E-156,ES,39.33444731,-1.880956345
E-95,ES,41.69341163,-0.930342577
E-35,ES,42.77736831,-2.921530411
E-94,ES,41.76088071,1.755844834
E-61,ES,42.41366208,-2.608104598
E-93,ES,41.75556646,0.611078942
E-34,ES,42.81957748,-2.643629148
E-92,ES,41.41164253,-5.387896069
E-5,ES,42.80308566,-8.686468638
E-91,ES,41.80598363,2.15542124
E-33,ES,42.7098436,-4.352285797
E-90,ES,41.3386691,-6.257800903
E-89,ES,41.40074818,-5.906088176
E-32,ES,42.65798146,-5.118082559
E-88,ES,41.4649378,-5.312434137
E-4,ES,43.24218725,-6.036812408
E-87,ES,41.88550819,2.554908919
E-31,ES,42.19307515,-8.943076451
E-86,ES,41.79500687,-1.994701548
E-85,ES,41.5773645,-4.942932798
E-3,ES,42.99595546,-8.220217931
E-84,ES,41.8536721,-1.301909098
E-193,ES,36.48383345,-5.442995465
E-30,ES,42.69512926,-5.070162698
E-192,ES,36.71077567,-5.212566147
E-83,ES,41.88769811,-0.874826902
E-190/19,ES,36.87442363,-5.926030964
E-189,ES,37.04419222,-4.568418111
E-82,ES,41.9983983,2.290806089
E-188,ES,36.96675787,-5.900497484
E-29,ES,42.5108314,-6.892810689
E-187,ES,37.28255408,-3.375148941
E-81,ES,41.63993043,-5.230284592
E-186,ES,37.21068868,-4.230592437
E-2,ES,43.24776311,-6.282935334
E-185,ES,37.37232449,-2.678877367
E-80,ES,41.93285139,-1.608529557
E-184,ES,37.28253456,-4.450977203
E-28,ES,42.69602633,-5.363084031
E-183,ES,37.54296697,-1.732610653
E-79,ES,42.01795645,0.19636146
E-182,ES,37.51114789,-3.5279775
E-181,ES,37.64311031,-3.819688379
E-78,ES,41.92739442,-2.350299197
E-180,ES,37.66711262,-3.602394069
E-27,ES,42.6367186,-6.026997455
E-179,ES,37.57418989,-5.650380428
E_Vic,ES,42.14971327,2.305049394
E-178,ES,37.57802788,-6.726362297
E-1,ES,43.24148425,-7.856563955
E-177,ES,38.09666967,-0.722543707
E-76,ES,42.17839922,2.97731275
E-176,ES,38.15226724,-0.814797922
E-26,ES,42.57640666,-6.634222038
E-175,ES,37.86327635,-5.910404797
E-75,ES,41.88090563,-4.859814843
E-174,ES,38.2963479,-0.766135082
E-173,ES,38.41906508,-0.63604272
E-74,ES,41.69947846,-6.595619741
E-172,ES,38.41845539,-1.0253135
E-25,ES,42.96147377,-2.515949178
E-171,ES,38.2133648,-4.635092492
E-73,ES,42.1246607,-1.998234058
E-170,ES,38.4049322,-3.928145644
E-169,ES,38.40346655,-4.163706451
E-72,ES,42.29426439,1.909033191
E-168,ES,38.7221591,-0.847421909
E-24,ES,42.99950663,-2.784856659
E-167,ES,38.52559024,-4.444395868
E-166,ES,38.39796384,-6.765013452
E-71,ES,41.9604977,-4.923200505
E-165,ES,38.92063341,-0.369935517
E-23,ES,42.62957398,-6.826688399
E-164,ES,38.46013721,-6.38328872
E-70,ES,42.19449239,-2.007606815
E-163,ES,38.70216003,-4.327989432
E-154,ES,39.05092765,-6.386625772
E-145,ES,39.47079104,-6.511886918
E-60,ES,42.53889138,0.080704668
E-18,ES,42.98515876,-4.202618903
E-67,ES,41.72246435,-7.595052145
E-158,ES,39.18759886,-3.692607288
E-147,ES,39.76702442,-3.485392306
E-146,ES,39.95389628,-0.188237981
E-148,ES,39.87498808,-0.460720717
E-19,ES,43.10144914,-2.599363396
E-110,ES,41.40120898,1.395652701
E-21,ES,43.00174687,-3.476821565
E-153,ES,39.52209413,-0.361118692
E-149,ES,39.57937164,-3.701223105
E-66,ES,42.40269721,0.168489067
E-155,ES,39.3260997,-3.125456976
E-150,ES,39.36812448,-5.275156274
E-123,ES,40.67096115,-4.112363772
E-63,ES,41.90191091,-7.190463911
E-20,ES,42.37126826,-9.16474193
E-151,ES,39.60551458,-0.437195234
E-157,ES,39.17680768,-3.908006745
E-152,ES,39.53300055,-1.153642537
E-141,ES,39.57624991,-7.431927041
E-44,ES,42.18533384,-7.075353594
E-144,ES,39.9003263,-1.936715777
E-64,ES,42.20808696,-3.984083755
E-143,ES,39.85674173,-3.750939313
E-58,ES,42.51423654,-1.576397566
E-17,ES,43.07013323,-3.14903843
E-124,ES,40.73888567,-3.223452395
E-140,ES,39.81338781,-5.89278917
E-139,ES,39.71881496,-6.87637177
E-134,ES,40.21631076,-2.736247256
E-119,ES,41.02950159,-0.844547511
E-46,ES,42.44535918,-4.585470869
E-137,ES,39.83035661,-6.153272858
E-16,ES,42.46279913,-8.854422564
E-136,ES,40.11444728,-3.748286486
E-56,ES,42.01706566,-7.539318314
E-E_Arka,ES,43.1889069,-2.089788261
E-135,ES,40.33635386,-0.065926553
E-132,ES,40.22413845,-3.456707736
E-121,ES,40.73434119,-3.760048027
E-50,ES,41.89513964,-8.801395869
E-125,ES,40.62394685,-3.780377025
E-48,ES,42.72038988,1.237352025
E-22,ES,42.42214635,-8.474036844
E-126,ES,40.82899487,0.194055806
E-130,ES,40.43895279,-3.362438982
E-53,ES,42.5807549,-1.378349884
E-14,ES,43.09580972,-4.035012247
E-129,ES,40.1764191,-6.269347109
E-159,ES,39.11932991,-0.589384876
E-160,ES,38.89174832,-4.076808635
E_Biesca,ES,42.64911389,-0.460945364
E-69,ES,42.33546891,0.937426501
E-162,ES,38.94725533,-0.650599835
E-52,ES,42.08909028,-7.301487407
E-128,ES,40.52567318,-2.89423053
E-127,ES,40.51767973,-3.569770279
E-122,ES,40.74131313,-3.522880875
E-49,ES,42.26397138,-5.964849699
E-161,ES,39.01522313,-1.396373626
E-68,ES,41.80404681,-6.890073797
E-13,ES,43.19041013,-3.0517235
E-120,ES,40.89147103,-2.487326065
E-54,ES,42.65674278,1.006027246
E-131,ES,40.12760017,-4.959594562
E-12,ES,42.50383088,-9.414356022
E-55,ES,41.92439074,-8.351605927
E-133,ES,39.99058335,-5.836256032
E-47,ES,42.0436842,-7.950176905
E-118,ES,40.8984635,-4.520322969
E-117,ES,41.20726337,0.875214266
E-11,ES,43.13623545,-4.330683733
E-116,ES,40.93347864,-4.601317135
E-138,ES,39.92817668,-5.215794705
E-115,ES,41.33427275,1.183051501
E-57,ES,42.62346543,0.415250766
E-45,ES,42.22916247,-6.704182846
E-114,ES,41.33580459,0.591995676
E-113,ES,41.37593004,1.274647502
E-10,ES,42.70222586,-8.291450132
E-112,ES,41.34892824,-0.272287132
E-142,ES,39.76704813,-5.801591561
E-59,ES,42.57878854,1.193822625
E-111,ES,40.96333465,-5.852094925
E-43,ES,42.60411948,-3.164492529
E-9,ES,42.94986574,-6.519745157
E-109,ES,40.89874553,-6.847612826
E-42,ES,42.79996353,0.725652898
E-108,ES,41.46976282,1.474332757
E-107,ES,41.46729693,-0.446375453
E-41,ES,42.72019289,-1.679294476
E-106,ES,41.53022622,1.983996293
E-105,ES,41.54969104,1.769815924
E-40,ES,42.64481314,-3.467682352
E-104,ES,41.52521498,0.270279327
E-8,ES,43.03051596,-5.810883997
F-300,FR,43.56645639,1.65683319
F-299,FR,43.56142875,5.48278216
F_Vigy,FR,48.90656561,6.20477251
F-298,FR,43.62168119,1.445084406
F-297,FR,43.58563382,5.036376153
F-38,FR,48.92000625,5.928878796
F-296,FR,43.6406937,2.943363537
F-295,FR,43.70223266,3.478545999
F-37,FR,48.99720687,0.956942213
F-294,FR,43.71362818,3.751766727
F-293,FR,43.6266163,6.522487442
F-36,FR,49.03641475,3.121183062
F-292,FR,43.74362662,1.286823522
F-291,FR,43.71314006,5.239538863
F-35,FR,49.05182479,2.457509242
F-290,FR,43.77453832,4.11978565
F-289,FR,43.75641881,-0.557611995
F-34,FR,49.00344356,-2.005137797
F-288,FR,43.765101,5.528864549
F-287,FR,43.75556545,5.956695015
F-33,FR,49.11588732,2.615582406
F-286,FR,43.81137935,6.295574802
F-285,FR,43.88353448,4.390519608
F-32,FR,49.12090972,-0.14753242
F_canteg,FR,43.88574964,-1.060903542
F-283,FR,43.92124145,4.957479685
F-31,FR,49.17661515,2.232178892
F-282,FR,43.88883492,5.883704271
F-281,FR,43.9861063,2.092175435
F-30,FR,49.15930944,0.2200278
F-280,FR,43.8490747,7.185343715
F-279,FR,43.98475263,0.853853241
F-29,FR,49.17064851,0.544137875
F-278,FR,44.00239417,3.790083143
F-277,FR,44.03203268,2.814453704
F-28,FR,49.11739276,6.167504003
F-276,FR,43.96747799,6.06174731
F-275,FR,44.06101964,4.705497295
F-27,FR,49.1831068,4.240881582
F-274,FR,44.0951893,5.158819337
F-273,FR,44.1435945,0.603906137
F-26,FR,49.17387586,-0.116222955
F-272,FR,44.17147188,4.216759182
F-271,FR,44.11481694,6.178145562
F_Moulai,FR,49.13838244,5.735604036
F-270,FR,44.19337618,6.178894207
F-269,FR,44.27070819,6.040464074
F-24,FR,49.21721675,5.061218507
F-268,FR,44.3881627,2.561142545
F-267,FR,44.37353751,4.768452705
F-23,FR,49.34320067,2.691607605
F-266,FR,44.40815027,0.125979628
F-265,FR,44.4298535,0.79416612
F-22,FR,49.32913331,0.72478396
F-264,FR,44.44182249,4.251069314
F-263,FR,44.4367315,-0.714552615
F-21,FR,49.35260992,3.159477767
F-262,FR,44.44555568,-1.027590556
F-261,FR,44.51707892,2.180397079
F-20,FR,49.41872843,1.50819889
F-260,FR,44.59926435,2.504705238
F-259,FR,44.57644018,4.82857309
F-19,FR,49.44316178,0.378767904
F-258,FR,44.55829627,6.181360133
F-257,FR,44.65606149,4.213836037
F-18,FR,49.45179146,4.653356045
F-256,FR,44.63941147,4.914083963
F-255,FR,44.7723199,2.644715515
F-17lonn,FR,49.48460344,4.300759138
F-254,FR,44.78447383,3.252770074
F-253,FR,44.78107821,0.606790294
F-16,FR,49.6092295,1.955131611
F-252,FR,44.84457653,1.345768605
F-251,FR,44.79218678,5.946692744
F-15,FR,49.60724041,0.960292207
F-250,FR,44.83684867,4.958580885
F-249,FR,44.87937811,4.905249132
F-14,FR,49.62469813,3.800207352
F-248,FR,44.92541018,3.026055543
F-247,FR,44.88246849,-0.523535828
F-13,FR,49.66109913,1.206447393
F-246,FR,44.94554311,2.110967582
F-245,FR,44.96173303,0.67975541
F-12choo,FR,49.7590101,4.628059915
F-244,FR,44.98001725,3.643082409
F-243,FR,44.92902323,5.642503194
F-11,FR,49.79607618,2.361861982
F-242,FR,44.99825125,-0.3500857
F-241,FR,44.95750558,6.108199266
F-10,FR,49.8712849,3.672177891
F-240,FR,45.00134001,-0.97816546
F-239,FR,45.07845088,2.955311976
F-9,FR,49.95370862,2.565260398
F-238,FR,45.05641046,-0.719161754
F-237,FR,45.13287015,1.349212791
F-8,FR,49.96199039,3.077723643
F-151,FR,47.11086344,0.57350771
F-236,FR,45.08067223,5.716872472
F-235,FR,45.14339172,4.165992555
F-7,FR,50.09398908,1.356349769
F-234,FR,45.17926116,2.09038147
F-233,FR,45.09987571,6.102220042
F-6Aveli,FR,50.13943396,2.782493012
F-232,FR,45.1312391,6.826164634
F-231,FR,45.24132622,4.86637428
F-5,FR,50.22660419,2.190878137
F-230,FR,45.20325658,5.946691672
F-229,FR,45.30080735,4.407292337
F-4,FR,50.27922833,2.375803579
F-228,FR,45.22690677,6.423417746
F-227,FR,45.3319059,2.248235872
F-3,FR,50.49238071,1.305902393
F-226,FR,45.2983137,4.717934593
F-225,FR,45.28921093,5.576103785
F-2,FR,50.51557042,1.772277456
F-224,FR,45.41988388,-0.757657338
F-223,FR,45.40581239,6.090472127
F-1,FR,51.0389,2.37017
F-221/22,FR,45.47542958,-0.015360001
F-220,FR,45.5115337,3.153366567
F-219,FR,45.41869412,6.553996457
F-218,FR,45.43425795,6.639861278
F-217,FR,45.43728959,6.990066101
F-216,FR,45.51210202,5.621615638
F-215,FR,45.56038437,4.979510302
F-214,FR,45.61528648,1.813465795
F-213,FR,45.65895719,2.888067546
F-212,FR,45.55570799,6.864374329
F-211,FR,45.60382916,6.449879121
F-210,FR,45.69297528,5.310317734
F-209,FR,45.7504363,0.784489627
F-208,FR,45.76632913,2.177093333
F-207,FR,45.72771081,-1.070887841
F-206,FR,45.76009115,5.306028062
F-205,FR,45.81363238,1.265291673
F-204,FR,45.86738529,4.687640315
F-203,FR,45.90496642,1.860248951
F-202,FR,45.82196768,6.112909673
F-201,FR,45.90681905,1.596529128
F-200,FR,45.89596048,3.932229496
F-199,FR,45.89677049,4.114424168
F-198,FR,45.82139439,6.801008306
F-197,FR,45.90348909,-1.344431206
F-196,FR,45.95181519,-0.748173656
F-195,FR,45.96423986,5.809033404
F-194,FR,46.00154089,6.599925016
F-193,FR,46.11816172,3.181937136
F_Cornie,FR,46.02844357,6.346994523
F-190/19,FR,46.08829807,-0.643153894
F-189,FR,46.1132039,5.411925082
F-188,FR,46.17288702,2.723066012
F-187,FR,46.14180363,4.722861703
F-186,FR,46.17822075,2.475964495
F-185,FR,46.17030802,0.607238193
F_BoisTo,FR,46.12644033,5.95576145
F-183,FR,46.26320586,1.562698768
F-182,FR,46.21737703,6.516440061
F-181,FR,46.27477248,5.625576351
F-180,FR,46.36231727,0.259247381
F-179,FR,46.3900116,3.284453724
F-178,FR,46.31183753,-1.74706797
F-177,FR,46.43687105,4.057127001
F-176,FR,46.44552103,4.713324585
F-175,FR,46.49905635,-0.325048326
F-174,FR,46.52748067,4.452688219
F-173,FR,46.56585038,1.650577077
F-172,FR,46.48504222,-1.619094953
F-171,FR,46.55134647,5.595141602
F-152,FR,47.11248259,3.528895767
F-170,FR,46.60142463,0.444232092
F-169,FR,46.59339062,4.940929346
F-168,FR,46.63923528,5.951441985
F-167,FR,46.72033674,4.457919801
F-166,FR,46.76797799,3.259461714
F-165,FR,46.83966828,2.265522836
F-164,FR,46.76854266,-1.214965314
F-163,FR,46.78399082,6.320842656
F-162,FR,46.77040594,-1.571434583
F-161,FR,46.90846098,1.510672075
F-88,FR,48.08627578,-2.860083043
F-124,FR,47.6343506,4.402500318
F-150,FR,47.09501188,4.947983417
F-149,FR,47.14429706,4.584897567
F-125,FR,47.64996771,3.577267273
F-127,FR,47.62734729,3.857620388
F-148,FR,47.11337075,6.031486059
F_Sieren,FR,47.46283686,7.404745857
F-147,FR,47.06191699,-2.485988505
F-145,FR,47.20843965,4.993499213
F-128,FR,47.58747529,0.001769218
F-143,FR,47.28498182,3.77903887
F-144,FR,47.2636715,0.48106849
F-133,FR,47.52241446,2.426201109
F-135,FR,47.34149908,6.78338447
F-136,FR,47.32733364,-1.81424444
F-138,FR,47.2355298,-3.085497302
F-142,FR,47.30013234,2.789451511
F-137,FR,47.41623943,1.497726775
F-132,FR,47.546371,1.717939739
F-131,FR,47.48428672,6.156484183
F-130,FR,47.36492824,-3.764738087
F-146,FR,47.19168592,-0.794803292
F-126,FR,47.38549848,-4.344145315
F_Mambel,FR,47.21751355,6.617077658
F-160,FR,46.80421982,-1.985752862
F-123,FR,47.50804451,-2.768623804
F-122,FR,47.65530903,0.484855376
F-121,FR,47.6055944,7.163272844
F-120,FR,47.76389733,2.612000442
F-119,FR,47.71629846,5.300813034
F-82,FR,48.32362186,1.170811103
F-115,FR,47.52162565,-4.575878567
F-114,FR,47.80700889,2.278802055
F-113,FR,47.70263687,-1.975435307
F-134,FR,47.4570923,3.946756663
F-139,FR,47.3851552,1.140513006
F_113x,FR,47.69184763,7.519999053
F-111,FR,47.87630896,3.241047147
F-110,FR,47.86688897,4.78123494
F-108,FR,47.84611867,6.654915605
F-107,FR,47.83739177,7.294446266
F-106,FR,47.97267154,0.141610696
F-105,FR,48.01065824,2.540949981
F-104,FR,47.94520546,5.88610024
F-103,FR,47.98311262,-0.194524361
F-154/15,FR,46.95198608,-2.239310883
F-93,FR,48.08752797,6.242421328
F-86,FR,48.13822361,6.871962904
F-95,FR,47.86505564,-4.403171047
F-92,FR,47.93750275,-4.683465059
F-91,FR,47.90537258,-5.062456173
F-90,FR,48.13761221,-1.633883269
F-89,FR,48.23474189,3.376304137
F-159,FR,46.93193708,-0.406338968
F-153,FR,46.9624782,-2.605119561
F-87,FR,48.23852636,3.697432614
F-78,FR,48.41127595,1.737487541
F-85,FR,48.16009487,-2.549801341
F-84,FR,48.04552003,-4.409694972
F-158,FR,46.96707126,5.469973302
F-83,FR,48.23802562,6.026190836
F-157,FR,47.00796039,-0.047990036
F-140,FR,47.34158991,0.772776633
F-80,FR,48.33271545,-0.885194416
F-81,FR,48.33207913,2.01138491
F-79,FR,48.38187402,0.33115525
F-76,FR,48.41749284,1.42827809
F-77,FR,48.41190248,1.734887917
F-97,FR,47.95999007,7.016897244
F-75,FR,48.43339664,4.373666261
F-96,FR,48.10922963,3.979619256
F-74,FR,48.45764749,2.460597968
F-73,FR,48.2395357,-3.935590123
F-98,FR,48.08615327,2.717241712
F-72,FR,48.39556137,6.209691828
F-101,FR,47.96024522,6.36734076
F-71,FR,48.33539927,7.511981435
F-100,FR,47.91753334,7.57003549
F-70,FR,48.49752985,2.943079156
F-69,FR,48.52038388,4.281103931
F-102,FR,48.03305766,3.759820211
F-68,FR,48.53743239,4.836263826
F-67,FR,48.57861341,1.499203976
F-66,FR,48.48272172,7.051631492
F-65,FR,48.61403966,1.819980032
F-64,FR,48.62868564,2.994885547
F-109,FR,47.89619868,1.353068209
F-63,FR,48.56221902,6.03240715
F-62,FR,48.64452441,0.743889562
F-61,FR,48.65172527,0.549996795
F-60,FR,48.66715834,1.308413319
F-59,FR,48.69866348,1.826651139
F-58,FR,48.52958728,7.828383949
F-57,FR,48.71567337,2.205826691
F-116,FR,47.76989407,0.20116418
F-56,FR,48.71587437,3.234203629
F-117,FR,47.70968842,-1.161737688
F-55,FR,48.70770162,4.109037139
F-118,FR,47.7790989,1.763231651
F-54,FR,48.68769697,-0.591127892
F-53,FR,48.75128373,1.089417613
F-99,FR,48.07650779,1.296867873
F-52,FR,48.75637202,3.627022968
F-322,FR,42.75249258,1.769452028
F_Baixas,FR,42.82084307,2.791183799
F-51,FR,48.71870995,-1.590678857
F_pragne,FR,42.85531655,-0.207224133
F-319,FR,42.93431443,1.501255548
F-50,FR,48.85733117,-0.100877286
F-318,FR,42.95089395,-0.489694971
F-317,FR,43.15225526,0.516743935
F-49,FR,48.91263429,1.987766482
F-94,FR,47.96747568,-3.320275639
F-316,FR,43.18144442,1.584528096
F-315,FR,43.15195154,0.014576631
F-48,FR,48.79655611,7.003901723
F-314,FR,43.3022007,2.999391429
F-313,FR,43.31553962,2.389419646
F-46/47,FR,48.91850105,4.049821413
F-312,FR,43.34387858,2.668619277
F-311,FR,43.32116829,-0.675563102
F-45,FR,48.92802146,0.609312738
F-310,FR,43.29557687,6.119736561
F-309,FR,43.39183332,1.9292869
F-44,FR,48.9451651,1.641411916
F-308,FR,43.46069999,3.225285684
F-307,FR,43.49542072,1.246543754
F-43,FR,48.95055043,3.754335896
F-306,FR,43.4097568,6.186025627
F-305,FR,43.46011623,5.243824633
F-42,FR,48.9487463,0.483968484
F_Mougue,FR,43.45155336,-1.528874034
F-303,FR,43.48868782,5.47173464
F-41,FR,48.86359372,6.64987527
F-302,FR,43.53597143,0.604952344
F-301,FR,43.56874958,2.299365671
F-40,FR,48.97303353,2.406878676
Palini,GR,38.03719639,23.86070672
Koumoundourou,GR,37.9627883,23.7023607
Agios Stefanos,GR,38.1378868,23.8608875
Acharnes,GR,38.1004739,23.7255934
Larymna,GR,38.5562898,23.2629042
Distomo,GR,38.4289952,22.6653562
Acheloos,GR,38.6520228,21.5737585
Lamia,GR,38.8957233,22.4329435
Larisa,GR,39.6466725,22.4244383
Trikala,GR,39.550791,21.7670214
Kardia,GR,40.4045451,21.6952097
Agios Dimitrios,GR,40.4131447,21.926027
Amyndeo,GR,40.654004,21.7182207
Thessaloniki,GR,40.6622978,22.9296385
Lagadas,GR,40.7512574,23.0680108
Fillipi,GR,41.0212907,24.3401887
Nea Santa,GR,41.2146423,25.6865942
Arachthos,GR,39.0948465,20.9996135
Elpe,GR,40.6390522,22.5548453
Florina,GR,40.7846182,21.4142671
1513,GR,39.097923,20.8953745
CRT-1,HR,45.4520053,18.6644072
CRT-2,HR,45.6642058,16.0968809
CRT-3,HR,45.6759487,15.8706193
CRT-4,HR,45.2855662,18.8680735
CRT-5,HR,45.4564123,16.9379452
CRT-6,HR,45.4843164,16.3709482
CRT-7,HR,45.3851657,14.5803009
CRT-8,HR,45.1451185,14.172199
CRT-9,HR,45.0012177,15.1311083
CRT-10,HR,44.9834371,14.9388528
CRT-11,HR,44.540334,15.2899785
CRT-12,HR,43.6265615,16.7826838
CRT-13,HR,43.5960209,16.4910472
CRT-14,HR,43.789809,15.8746674
CRT-17,HR,46.25460458,16.43615793
CRT-16,HR,43.4573249,16.7020319
ToBIH,HR,43.5535102,17.150637
Dakovo,HR,45.3181441,18.4036377
Dubrovnik,HR,42.6523977,18.1235363
H-20,HU,46.362472,20.1050029
H-16,HU,47.3171867,18.7857246
H-25,HU,46.3900954,17.8381355
H-8,HU,47.6946905,19.1397759
H-23,HU,46.2553776,20.1437011
H-22,HU,46.787547,17.189841
H-21,HU,46.6079257,18.8501075
H-19,HU,46.9607762,18.9352561
H-18,HU,47.0988618,18.0087837
H-17,HU,46.6734436,21.087475
H-15,HU,47.3245656,18.9163649
H-14,HU,47.4878038,18.3142025
H-13,HU,47.688007,17.6500448
H-11,HU,47.1643454,20.1824522
H-10,HU,47.2981763,19.2302162
H-9,HU,47.5179786,19.1159861
H-7,HU,47.7483897,20.1003434
H-6,HU,47.6001035,21.5847665
H-5,HU,47.9453338,20.994722
H-4,HU,48.1039072,20.8584058
H-3,HU,48.0162954,21.3778602
H-2,HU,48.2658506,20.5797356
H-1,HU,48.2166971,22.0823025
H-12,HU,47.2419469,19.6089892
ragusa,IT,37.39630616,14.85939479
chiaramo,IT,37.59554558,14.88697644
priolo,IT,37.60809062,15.47500006
favara,IT,37.88673557,13.97778259
partanna,IT,38.25105107,13.07727227
misterbi,IT,37.94594843,15.30532167
patemo,IT,38.01426444,15.21371863
termini,IT,38.41818435,13.86643418
partinic,IT,38.5224796,13.34449722
Bellolam,IT,38.62486813,13.5919322
SFMela,IT,38.48892008,15.47711712
rizzconi,IT,38.6983763,16.39140119
Feroleto,IT,39.12949171,16.57277342
scandale,IT,39.27929572,17.3836322
mucone,IT,39.65566313,16.72608219
rossano,IT,39.77175146,16.90011249
rotonda,IT,40.17239829,16.33014891
laino,IT,40.25112377,16.28664403
Pisticci,IT,40.41827417,16.87161957
Montecor,IT,40.82563976,15.26171692
Levante,IT,41.0199833,14.48973617
Matera,IT,40.68989157,17.01185659
taranto,IT,40.58525613,17.55941864
Presenza,IT,41.42985453,14.51531008
Valmonto,IT,41.8199832,13.1977006
Torvalda,IT,42.27709583,12.11055534
Villaval,IT,42.64413992,12.81282257
Montori,IT,42.52121089,14.07517083
Teramo,IT,42.57980243,14.17942
Larino,IT,41.94193925,15.18215909
Roma /S.,IT,42.01916368,12.83481236
Popoli,IT,42.16875505,14.14696403
p d sper,IT,43.41738745,11.49549963
acciaiol,IT,43.67567944,10.69695989
Entracqu,IT,44.21976671,7.412232362
Rosen,IT,43.43025998,10.71451758
Piomigo,IT,43.09848618,10.93017767
La Spezi,IT,44.15086926,10.02705626
Vado Lig,IT,44.31620869,8.525307515
Magliano,IT,44.45948655,7.694610471
S. Colom,IT,44.36730641,9.525727267
Fano,IT,43.87157773,13.15023339
Erzelli,IT,44.43848976,8.703495255
San Mart,IT,44.02310368,12.6964199
Genova,IT,44.45169736,8.939938042
Bargi,IT,44.272383,11.30007092
Forti,IT,44.17853208,12.26050943
Livorno,IT,43.67044005,10.4532303
blstagno,IT,44.61794981,8.331230075
Vignole,IT,44.6633841,9.043365007
Colunga,IT,44.44723324,11.55874286
Piossasi,IT,44.82091857,7.442579485
Rosa,IT,42.86218325,13.89880534
Casanova,IT,44.80600777,7.796647171
PortoCor,IT,44.3633432,12.38666597
Martigno,IT,44.50407755,11.36481558
Parma V,IT,44.62791514,10.24518238
S. Giaco,IT,42.55783008,13.66446133
Carnposo,IT,43.87694142,7.640832837
I_xx,IT,43.91445993,11.01926014
Avenza,IT,44.12173557,10.16677992
S. Damas,IT,44.58313986,11.11941006
Castelnu,IT,44.93611399,9.027848752
Colorno,IT,44.79005898,10.61035415
venaus,IT,45.09353376,7.030467498
montalto,IT,42.43927683,11.93263229
arezzo,IT,43.50188345,12.02382487
Ferrara,IT,44.72127904,11.80306113
Piacerza,IT,44.95339541,9.938546668
Trino,IT,45.12022103,8.441037234
Sermide,IT,44.90121185,11.51073405
Foggia,IT,41.42308188,15.99854796
Villanov,IT,42.44534745,14.37069858
La Casel,IT,45.13829055,9.583533832
Leyni,IT,45.29061214,7.769913984
PortoTol,IT,44.8199486,12.70454012
Chivasso,IT,45.3014747,8.072810098
Campochi,IT,44.02115267,8.183501539
Ostiglia,IT,45.03434094,11.26829022
Marcatia,IT,45.08601981,10.97388164
Cremona,IT,45.19832146,10.21373277
adria,IT,44.95132326,12.55051841
Tavazzia,IT,45.34115325,9.460742669
Nogarole,IT,45.27399058,11.14447644
Turbigo,IT,45.51884045,8.538050845
sandra,IT,45.3427851,11.08615161
Camin,IT,45.23433084,12.18401945
Cislago,IT,45.53806397,9.341771749
I_xx2,IT,45.6643095,7.793157868
lonato,IT,45.39251896,11.00973784
cassano,IT,45.53523285,9.651452594
Ciserano,IT,45.52424647,9.805071557
Flero,IT,45.50406952,10.36883346
Lona,IT,45.48117514,10.69881443
valpelli,IT,45.76898953,7.444764432
Mercallo,IT,45.67866419,8.779540512
Mantevia,IT,45.41075548,11.78890576
Gorlago,IT,45.61935239,10.07830769
fusina,IT,45.38718319,12.56305358
Scorze,IT,45.42153357,12.44391816
Sandrigo,IT,45.5286836,11.8401134
Buliciag,IT,45.7780278,9.422906229
I_xx3,IT,45.65368101,11.25502029
Pallanze,IT,45.94582414,8.309678066
P Tamuno,IT,45.78250196,10.31399073
roncoval,IT,45.98228546,8.773638034
Salgared,IT,45.66273234,12.85572918
Sondrio,IT,46.01506589,9.69467218
Vellai,IT,45.76793649,12.12404313
Padricia,IT,45.55804144,14.00940861
I_xx4,IT,45.88236449,11.69502279
Ca glian,IT,45.77039899,12.64509269
S Fioran,IT,46.03673123,10.62830211
Lavis,IT,45.9828617,11.22826437
Monfalco,IT,45.68822907,13.63522191
Verampio,IT,46.26486743,8.538738084
Cordigna,IT,45.81043647,13.36778159
Pordenon,IT,45.86946566,13.04543947
Fadalto,IT,45.99852136,12.56097885
Udine,IT,45.87328791,13.61827203
Floriano,IT,46.21690973,11.59621874
Lana,IT,46.34095169,11.20742199
Somplago,IT,46.15404316,13.31916674
to Sarde,IT,42.73758061,10.59551431
Ceproro,IT,41.61381309,13.93329351
Andria,IT,41.18416137,16.52776104
Latiana,IT,41.59559001,13.1947677
capriati,IT,41.60777132,14.61504179
brindisi,IT,40.65958155,18.08434207
Benevent,IT,41.25678392,15.30409675
galatina,IT,40.07739633,18.43529272
Gariglia,IT,41.34165128,14.18179974
bari,IT,41.13395098,17.1266531
Maddalon,IT,41.11529142,14.85569541
Calenzan,IT,43.82512551,11.27777705
Candia,IT,43.49062033,13.75198025
Dugale,IT,45.32253446,11.53803163
Lx-3,LU,49.5535478,6.132183
Lx-2,LU,49.7155413,6.2477942
Lx-1,LU,49.9197135,6.0895758
MA-00,MA,34.63002967,-2.693753111
MA-01,MA,30.818004,-6.694383
MA-02,MA,27.0,-13.0
MA-04,MA,32.24437,-8.526102
MA-05,MA,32.42591867,-6.334198
MA-06,MA,32.048743,-7.381282
MA-07,MA,32.301421,-9.226514
MA-08,MA,28.754806,-11.21831467
MA-09,MA,33.0,-8.4
MA-10,MA,33.307606,-8.051262
MA-11,MA,32.07182967,-4.866347333
MA-12,MA,33.548207,-7.558572
MA-13,MA,34.411773,-6.543518
MA-14,MA,32.59244475,-8.05535
MA-15,MA,35.48001,-6.012054
MA-16,MA,34.300849,-2.177288
MA-18,MA,33.475138,-7.847672
MA-19,MA,30.24467743,-9.281491571
MA-20,MA,31.554824,-7.37468875
MA-21,MA,33.6583075,-7.4342975
MA-22,MA,31.7314135,-8.35064
MA-23,MA,33.6,-7.467593
MA-24,MA,28.0075328,-11.9017446
MA-25,MA,32.74998625,-7.25882675
MA-26,MA,32.300827,-7.05225
MA-27,MA,35.033299,-2.973426
MA-28,MA,32.8178105,-5.776175
MA-29,MA,33.11733588,-8.268629625
MA-30,MA,34.251317,-6.579094
MA-31,MA,31.846176,-7.078412
MA-32,MA,33.33954725,-7.511976
MA-33,MA,33.78734,-6.793037
MA-34,MA,33.453585,-7.520609
MA-35,MA,33.41092775,-7.84692425
MA-36,MA,33.8793635,-4.8266535
MA-37,MA,33.82690633,-6.758972333
MA-38,MA,34.13632143,-4.981541571
MA-39,MA,31.881784,-9.370123
MA-40,MA,34.9811555,-5.8834425
MA-41,MA,35.7552545,-5.72869
MA-42,MA,36.013284,-5.60483
MA-43,MA,35.48862727,-5.616218818
MA-44,MA,33.956942,-6.902276
Podgoritsa,ME,42.4408272,19.2594682
Ribarevine,ME,43.0286925,19.7495245
Pljevja,ME,43.356909,19.3511885
Piva,ME,43.1618794,18.8670404
Perucica,ME,42.665975,18.9970656
Podgoritsa 220KV,ME,42.4624931,19.3108033
Mojkovac,ME,42.9568675,19.5713464
Bitola,MK,41.0296692,21.3311073
Dubrovo,MK,41.4788116,22.1365474
Stip,MK,41.7431171,22.1996198
Skpje 4,MK,41.8970324,21.5671422
Skopje 5,MK,42.0719018,21.3595468
Skopje 1,MK,41.8916471,21.2710954
Vrotok,MK,41.7660396,20.8383047
NL-1,NL,53.4007111,6.8429127
NL-2,NL,53.28155787,6.979169231
NL-3,NL,53.2117707,6.4863778
NL-4,NL,53.1915232,5.818763
NL_Meede,NL,53.1390379,6.9278177
NL-6,NL,53.0178809,6.5195324
NL-7,NL,52.9576292,5.8687905
NL-8,NL,52.6314285,5.8148881
NL-9,NL,52.5069777,6.088567
NL-10,NL,52.4703181,6.0432196
NL-11,NL,52.4818425,4.6571984
NL_Henge,NL,52.2526551,6.7823247
NL-13,NL,52.3355528,4.9664795
NL-14,NL,51.966251,6.2917385
NL-15,NL,51.9860361,4.1221306
NL-16,NL,51.9121076,5.6572825
NL-17,NL,51.910496,4.5963997
NL_Geert,NL,51.7022498,4.8517775
NL-19,NL,51.6433528,5.8614556
NL-20,NL,51.4417542,5.4827398
NL_Maasb,NL,51.1408541,5.8930891
NL-22,NL,50.891312,5.8544433
NL_Borss,NL,51.4251298,3.7345443
NL-new1,NL,51.389336,4.2994951
PL-96,PL,49.39450306,19.76961568
PL-95,PL,49.32091672,19.19446745
PL-94,PL,49.19833142,20.19811897
PL-93,PL,49.29610309,20.10742999
PL-92,PL,49.54026609,19.11666424
PL-91,PL,49.27248454,20.52966606
PL-90,PL,48.76346794,22.77840507
PL-89,PL,49.53974744,19.51565255
PL-88,PL,49.64743867,19.39671502
PL-87,PL,49.49253566,20.23687967
PL-86,PL,49.79543448,18.95981111
PL-85,PL,49.19851951,21.81830002
PL-84,PL,49.73829763,19.34188924
PL-83,PL,50.22337403,16.66450846
PL-82,PL,49.44368922,20.81493983
PL-80,PL,49.55593016,20.53873917
PL-79,PL,49.05774378,22.7051187
PL-78,PL,50.14905981,17.56236729
PL-77,PL,49.72969865,20.06687447
PL-76,PL,50.00143327,18.73421696
PL-75,PL,50.45725179,16.10798735
PL-74,PL,49.07273995,23.0299836
PL-73,PL,49.81589642,19.76338223
PL-72,PL,49.53721677,21.11729399
PL-71,PL,50.35657315,16.91745791
PL-70,PL,49.42114061,21.74736327
PL-69,PL,49.8817838,19.96755857
PL-68,PL,50.66726698,15.67095168
PL-67,PL,49.92212311,20.18800592
PL-66,PL,49.55046897,22.14288069
PL-65,PL,50.13714077,19.47292318
PL-64,PL,50.51930925,17.52956638
PL-63,PL,50.22448827,19.45268226
PL-62,PL,49.81510744,21.57804756
PL-61,PL,49.64563366,22.42481762
PL-60,PL,50.27041742,19.71732514
PL-59,PL,50.79364972,16.86954766
PL-58,PL,50.02630444,21.12739351
PL-57,PL,50.67677421,17.93925592
PL-56,PL,50.46221259,19.58093025
PL-55,PL,49.72577571,22.99881714
PL-54,PL,50.08520687,21.49516819
PL-53,PL,51.06095296,17.01921483
PL-52,PL,51.24921489,16.22980812
PL-51,PL,49.53479264,24.87660414
PL-50,PL,51.21800266,16.77145954
PL-49,PL,50.73264815,19.63116708
PL-48,PL,51.00173335,18.2351989
PL-47,PL,50.26087015,22.39377951
PL-46,PL,50.72370536,20.51290089
PL-45,PL,49.96961878,24.21926168
PL-44,PL,51.42713714,17.4960313
PL-43,PL,50.219523,23.4388269
PL-42,PL,50.2174483,23.61029079
PL-41,PL,50.54429877,22.31592044
PL-40,PL,51.09370977,19.87954825
PL-39,PL,51.09999306,20.25231867
PL-38,PL,51.18619127,19.92084006
PL-37,PL,51.27513433,19.54991767
PL-36,PL,50.54526423,22.94635386
PL-35,PL,50.14021721,24.67331376
PL-34,PL,50.7622864,22.50452485
PL-33,PL,51.77978356,17.46438238
PL-32,PL,51.80014307,17.86322287
PL-31,PL,52.19063182,15.87958601
PL-30,PL,51.95240877,17.75233085
PL-29,PL,51.72505226,19.14522452
PL-28,PL,52.45160554,14.87613498
PL-27,PL,51.29318476,22.15879405
PL-26,PL,51.5615438,21.17105524
PL-25,PL,51.49192759,21.91945343
PL-24,PL,52.7765277,15.3786323
PL-23,PL,51.56912289,22.40887199
PL-22,PL,51.87622422,21.03189809
PL-21,PL,52.54932173,17.43311976
PL-20,PL,51.28495723,23.66223368
PL-19,PL,52.9258669,15.0902481
PL-18,PL,51.71918637,21.96909582
PL-17,PL,52.1132041,20.2520899
PL-16,PL,52.36817715,18.9977495
PL-15,PL,52.11701299,21.17028806
PL-14,PL,52.3825568,20.13343085
PL-13,PL,53.30836769,15.24776583
PL-12,PL,52.08320371,22.5593903
PL-11,PL,52.6326494,20.03192061
PL-10,PL,53.42047253,16.32914534
PL-9,PL,53.28801668,17.54693756
PL-8,PL,52.03380051,24.24068325
PL-7,PL,52.90806346,21.42972203
PL-6,PL,53.51571939,19.35385907
PL-5,PL,53.52678774,19.59980504
PL-4,PL,53.18454918,21.52730648
PL-3,PL,53.89616968,17.7361294
PL-2,PL,52.82518035,23.28295367
PL-1,PL,54.00589736,18.99907658
P-16,PT,39.98337031,-8.53676515
P-15,PT,40.18199722,-8.305955552
P-7,PT,40.88947474,-7.978039114
P-14,PT,40.30568127,-7.872874755
P-26,PT,38.06108751,-8.660425276
P-13,PT,40.22176805,-8.610478864
P-6,PT,40.85729363,-8.49978959
P-3,PT,41.25104806,-6.889407419
P-12,PT,40.4427528,-7.774021132
P-1,PT,41.63414882,-8.378071051
P-24,PT,38.56131068,-8.750356651
P-5,PT,41.02712199,-7.521974983
P-23,PT,38.63345075,-9.339514665
P-22,PT,38.83783556,-9.107544332
P-11,PT,40.41044299,-8.473809693
P-21,PT,39.24860734,-8.992837451
P-2,PT,41.17532143,-8.542720794
P-4,PT,41.29182484,-6.483737649
P-20,PT,39.40828922,-8.171332459
P-10,PT,40.55339014,-7.453935289
P-19,PT,39.55839806,-7.557908746
P-18,PT,39.53441359,-8.82885572
P-9,PT,40.98055256,-7.197614505
P-17,PT,39.7602216,-8.702694833
Portile de Fier 1,RO,44.6786791,22.5318158
Urchesti,RO,44.9597655,23.2700752
Rovinari,RO,44.8993404,23.1539817
Turceni,RO,44.6795772,23.3733966
Tantareni,RO,44.592265,23.4923308
Slatina,RO,44.4307989,24.3776461
Draganesto Olt,RO,44.1597934,24.5345632
Domnesti,RO,44.4035256,25.932983
Bucuresti Sud,RO,44.3569425,26.1048936
Brazi Vest,RO,44.8554215,25.9568774
Pelicanu,RO,44.2239623,27.1395722
Constanta Nord,RO,44.1803217,28.6342466
Cernadova,RO,44.3338613,28.0305183
G. Ialomitei,RO,44.7179447,27.7536573
Tulcea,RO,45.1745647,28.7908202
Isaccea,RO,45.2652287,28.4612796
Lacu Sarat,RO,45.2182322,27.8843703
Smardan,RO,45.4715848,27.9414836
Gutinas,RO,46.2014182,26.8697841
Darste,RO,45.6183825,25.6542064
Brasov,RO,45.686201,25.6007033
Bradu,RO,44.8040078,24.9112659
Sibiu,RO,45.7702915,24.1306795
Mintia,RO,45.9159572,22.8449862
Arad,RO,46.1814212,21.333089
Nadab,RO,46.4756396,21.5142511
Oradea,RO,47.0471845,21.9155113
Rosiori,RO,47.714385,23.2401749
Gadalin,RO,46.8403157,23.8493475
Cluj Est,RO,46.8123965,23.7021371
Lernut,RO,46.4507401,24.2292423
Braila,RO,45.2739901,27.9413838
Medgidia Sud,RO,44.2108936,28.2693519
Calafat,RO,43.9866791,22.9535627
Cetate,RO,44.1098427,23.0514454
Tr. Severin,RO,44.6188865,22.718747
Resita,RO,45.3057602,21.8860602
Iaz,RO,45.4654885,22.2326465
Timisoara,RO,45.7410972,21.2414561
Baru Mare,RO,45.465726,23.1659207
Paroseni,RO,45.2373085,23.2645398
Targu Jiu,RO,45.0382298,23.2780455
Sardanesti,RO,44.7641917,23.3644147
Craiova Nord,RO,44.3569348,23.8181011
Isalnita,RO,44.3912841,23.7403835
Gradiste,RO,44.4441236,24.2418604
Tr. Magurele,RO,43.7655464,24.8648576
Ghizdaru,RO,43.9311745,25.8835963
Progresu,RO,44.3579498,26.4612182
Mostistea,RO,44.4554794,26.5801346
Fundeni,RO,44.4631817,26.1739216
Teleajean,RO,44.9455587,26.075832
Staplu,RO,45.0755907,26.7114224
Targoviste,RO,44.9265532,25.4578374
Doicesti,RO,44.9967054,25.4039069
Pitesti Sud,RO,44.7768864,25.0079921
Stuparei,RO,45.0179605,24.282505
Raureni,RO,45.062188,24.336468
Arefu,RO,45.3355901,24.599491
Vidrau,RO,45.3965659,24.6225688
Sacalaz,RO,45.7629282,21.1061869
Pestis,RO,45.7979391,22.8819224
Hasdat,RO,45.7352195,22.924673
Retezat,RO,45.5077263,22.7977246
Alba Iulia,RO,46.0791201,23.5726101
Sugag,RO,45.8073157,23.6181164
Galceag,RO,45.6820487,23.5687346
Lotru,RO,45.4763447,23.8248776
Barbarosi,RO,45.4129099,27.9100663
Filesti,RO,45.4430336,28.0075042
Borzesti,RO,46.2378116,26.8275103
Munteni,RO,46.5898048,27.7798664
Iasi,RO,47.1612642,27.6006697
Suceava,RO,47.6602985,26.2720671
Roman Nord,RO,46.9613899,26.9156204
Bacau Sud,RO,46.5463328,26.920181
Dumbrava,RO,46.8821502,26.4320552
Gheorghieni,RO,46.7264007,25.5850244
Fantanele,RO,46.4192886,24.768246
Ungheni,RO,46.4842549,24.4612802
Campia Turzii,RO,46.5580239,23.8713443
Cluj Floresti,RO,46.7510141,23.4947443
Mariselu,RO,46.6719512,23.1121111
Tihau,RO,47.2275895,23.3287741
Salaj,RO,47.1856684,23.082371
Baia Mare,RO,47.6535731,23.5867113
Vetis,RO,47.8033756,22.77536
Foscani Vest,RO,45.5783901,27.0219848
Kosovo B,RS,42.7014071,21.1907548
Kosovo A,RS,42.5825342,21.263477
Nis,RS,43.3297538,21.9033968
Bor,RS,44.0729515,22.1011935
Djerdap,RS,44.64660461,22.43098114
Jagodina,RS,43.9796251,21.2569815
Kragujevac,RS,44.0188237,20.9108804
TENT A (Tesla),RS,44.6717768,20.1569103
Beograd 8,RS,44.6797373,20.6297032
Pancevo,RS,44.8816797,20.6459347
Drmno,RS,44.7732292,21.2210482
Beograd 20,RS,44.7903981,20.6720587
TENT B (Tesla),RS,44.6537205,20.009031
Mladost,RS,44.7705402,20.1573016
Mitrovica,RS,44.9874436,19.6155743
Novisad,RS,45.2920599,19.8338398
Subotica,RS,46.1011251,19.6593009
Prizren,RS,42.2153221,20.741867
Glogovac,RS,42.3997432,20.9079628
Podujevo,RS,42.9108184,21.197005
Krusevac,RS,43.5811009,21.3339447
Kraljevo,RS,43.7216048,20.6784354
Cacak,RS,43.8919021,20.344179
Leskovac,RS,43.0020636,21.9402472
Pozega,RS,43.8493781,20.042138
B. Basta,RS,43.968917,19.5667252
Bistrica,RS,43.471003,19.7001349
Valjevo,RS,44.2755929,19.8916146
Zvornik,RS,44.3642453,19.211681
Kolubara,RS,44.4751679,20.2934
Sabac,RS,44.6860946,19.6302724
Beograd 3,RS,44.8209436,20.4744416
Sbobran,RS,45.5519022,19.7881578
Zrenjanin,RS,45.384212,20.3710414
Smederevo,RS,44.6661605,20.9288648
B. Basta HPPsmall,RS,43.9730548,19.6323389
B. Basta HPPbig,RS,43.9213119,19.5491894
Kosovo A 220,RS,42.5963574,21.2984837
SV-1,SI,46.5476646,15.6509606
SV-2,SI,46.3948449,15.7278802
SV-3,SI,46.2674862,15.1328253
SV-4,SI,46.2585523,14.3207617
SV-5,SI,46.0886106,14.6127775
SV-6,SI,45.9588659,15.4963501
SV-8,SI,45.6930688,13.9886557
SK-1,SK,48.844565,21.850043
SK-2,SK,48.8511128,21.2720574
SK-3,SK,49.2458973,19.3375088
SK-4,SK,48.9543451,20.5715201
SK-5,SK,49.0082664,19.9132682
SK-6,SK,48.5525456,22.0737037
SK-7,SK,49.2039322,18.8696571
SK-8,SK,49.107875,19.5139345
SK-9,SK,49.0966265,18.9921021
SK-10,SK,48.710941,21.267699
SK-11,SK,48.6059459,21.0012083
SK-12,SK,49.113214,18.4467001
SK-13,SK,48.7899533,19.3492075
SK-14,SK,48.8293511,17.83667
SK-15,SK,48.6605367,18.5102456
SK-16,SK,48.3824902,20.0185757
SK-17,SK,48.4682942,18.7504932
SK-18,SK,48.6776862,17.3734694
SK-19,SK,48.2068357,18.4472049
SK-20,SK,48.2120114,18.5985722
SK-21,SK,48.3239144,17.6556207
SK-22,SK,48.2670111,17.0323436
SK-23,SK,48.1225276,17.2043441
SK-24,SK,47.892209,17.5777955
1512,TX,45.5529921,28.8197466
FromUkrainaWest1,TX,48.3009323,22.5215817
FromUkraniaMukachevo,TX,48.4494859,22.7121716
FromUkrainaWest2,TX,48.5787207,22.4807116
GB-Sellindge,TX,51.103316,1.010053
GB-Isle of Grain,TX,51.454938,0.715056
TR-Babaeski,TX,41.423918,27.092851
TR-Hamitabat,TX,41.499669,27.288916
NO-Kristiansand,TX,58.16633,8.053679
NO-Feda,TX,58.264832,6.814955
SE-Lindome,TX,57.571967,12.074696
SE-Soderasen,TX,56.046566,13.224643
SE-Kruseberg,TX,55.504485,13.101349
SE-Starno,TX,56.149223,14.85016
